<?xml version="1.0" encoding="UTF-8"?>
<component xmlns="http://www.opensource-socialnetwork.org/v/3.0">
    <name>OssnMessages</name>
    <id>OssnMessages</id>
    <author>Core Team</author>
    <description>Allow users to communite with each other.</description>
    <license>Open Source Social Network License (OSSN LICENSE)</license>
    <author_url>https://www.openteknik.com/</author_url>
    <license_url>http://www.opensource-socialnetwork.org/licence/</license_url>
    <version>7.2</version>
	<requires>
		<type>ossn_version</type>
		<version>7.0</version>
	</requires>
</component>
